Image,Title,Link,Price
https://images.hotukdeals.com/threads/raw/p1G8x/3957064_1/re/300x300/qt/60/3957064_1.jpg,"HP 15s-eq2030na 15.6"" Laptop 8GB RAM/256GB/AMD Ryzen 5 (5500U) - £305.15 delivered (UK Mainland) @ AO / eBay",https://www.hotukdeals.com/visit/thread/3957064,£305.15
https://images.hotukdeals.com/threads/raw/oHv1C/3957010_1/re/300x300/qt/60/3957010_1.jpg,AMD Ryzen 5 5500 Zen 3 CPU - £111.97 @ CCL,https://www.hotukdeals.com/visit/thread/3957010,£111.97
https://images.hotukdeals.com/threads/raw/vHuQW/3957038_1/re/300x300/qt/60/3957038_1.jpg,"POCO X4 Pro 5G - 8GB/256GB, 6.67"" 120Hz AMOLED + Mi Smart Band 6 NFC - £204 with code via app / Possible £163.20 with Mi Points @ Xiaomi UK",https://www.hotukdeals.com/visit/thread/3957038,£204
https://images.hotukdeals.com/threads/raw/OIem6/3956963_1/re/300x300/qt/60/3956963_1.jpg,Corsair Hydro H100 x 240 mm Radiator Dual 120 mm PWM Fans Liquid CPU Cooler - Black £61.22 @ Amazon,https://www.hotukdeals.com/visit/thread/3956963,£61.22
https://images.hotukdeals.com/threads/raw/8Q0de/3956970_1/re/300x300/qt/60/3956970_1.jpg,Philips 70PUS7906 70 inch 4K Ultra HD HDR Smart LED TV Freeview Play - VIP Price £499 at Richer Sounds,https://www.hotukdeals.com/visit/thread/3956970,£499
https://images.hotukdeals.com/threads/raw/Tuh4C/3956974_1/re/300x300/qt/60/3956974_1.jpg,"Xiaomi Poco M4 Pro Power BLACK 128GB 90 Hz Smartphone - £134 Via App / £129 Possible With Mi Points, Delivered @ Xiaomi UK",https://www.hotukdeals.com/visit/thread/3956974,£134
https://images.hotukdeals.com/threads/raw/zh5up/3956885_1/re/300x300/qt/60/3956885_1.jpg,TP-Link Deco X60 Mesh Network - 2 Pack - £164.99 @ Amazon,https://www.hotukdeals.com/visit/thread/3956885,£164.99
https://images.hotukdeals.com/threads/raw/yh6N9/3956880_1/re/300x300/qt/60/3956880_1.jpg,"Wharfedale D300 3D Surround Speakers (Pair), Black - £119 Delivered @ AV.com",https://www.hotukdeals.com/visit/thread/3956880,£119
https://images.hotukdeals.com/threads/raw/yljNZ/3956876_1/re/300x300/qt/60/3956876_1.jpg,"AQL Revolver Headphones with Microphone, Remote Control, Rich Bass, Optimised Sound Quality £4.29 @ Amazon",https://www.hotukdeals.com/visit/thread/3956876,£4.29
https://images.hotukdeals.com/threads/raw/y4zRa/3956887_1/re/300x300/qt/60/3956887_1.jpg,Logitech ERGO M575 Wireless Trackball £33.55 sold by Amazon EU @ Amazon,https://www.hotukdeals.com/visit/thread/3956887,£33.55
https://images.hotukdeals.com/threads/raw/BIgCu/3956714_1/re/300x300/qt/60/3956714_1.jpg,"Cooler Master 27"" QHD 165hz Monitor + free £20 Steam Voucher - £249.95 delivered @ Overclockers",https://www.hotukdeals.com/visit/thread/3956714,£249.95
https://images.hotukdeals.com/threads/raw/Z7NR7/3956846_1/re/300x300/qt/60/3956846_1.jpg,"2kg Eryone Dual Colour 3D Printer Filament, Matte or Silk - £45.36 @ AliExpress / ERYONE Official Store",https://www.hotukdeals.com/visit/thread/3956846,£45.36
https://images.hotukdeals.com/threads/raw/ZjrZk/3956701_1/re/300x300/qt/60/3956701_1.jpg,Arlo Pro3 Wireless Outdoor Home Security Camera System CCTV £227.99 at Amazon,https://www.hotukdeals.com/visit/thread/3956701,£227.99
https://images.hotukdeals.com/threads/raw/njAow/3956839_1/re/300x300/qt/60/3956839_1.jpg,Apple Official iPad Pro 10.5 Smart Keyboard (9th generation) - US Layout £52.24 using code @ MyMemory,https://www.hotukdeals.com/visit/thread/3956839,£52.24
https://images.hotukdeals.com/threads/raw/sOV26/3956854_1/re/300x300/qt/60/3956854_1.jpg,Huawei Smartwatch GT 46MM Fitness Watch Black Stainless Steel 'Opened Never Used' - £49.99 With Best Offer @ The Big Phone Store / Ebay,https://www.hotukdeals.com/visit/thread/3956854,£49.99
https://images.hotukdeals.com/threads/raw/wiKRi/3956850_1/re/300x300/qt/60/3956850_1.jpg,"OtterBox for Apple AirTag, Slim Drop Proof Protective Case, Sleek Case, Pink £6.89 @ Amazon",https://www.hotukdeals.com/visit/thread/3956850,£6.89
https://images.hotukdeals.com/threads/raw/YN8tL/3956766_1/re/300x300/qt/60/3956766_1.jpg,"Panasonic TX55JZ980B 55"" 4K Ultra HD OLED Smart TV Free 5 Year Guarantee £849 at Hughes",https://www.hotukdeals.com/visit/thread/3956766,£849
https://images.hotukdeals.com/threads/raw/IH39s/3956831_1/re/300x300/qt/60/3956831_1.jpg,"Panasonic TX65JZ980B 65"" 4K Ultra HD OLED Smart TV £999 @ Hughes",https://www.hotukdeals.com/visit/thread/3956831,£999
https://images.hotukdeals.com/threads/raw/jn74N/3956156_1/re/300x300/qt/60/3956156_1.jpg,Razer Power Up Bundle - BlackShark V2 X Headset / Keyboard / DeathAdder Mouse / Gigantus Mat - £64.97 Delivered With Code @ Currys,https://www.hotukdeals.com/visit/thread/3956156,£64.97
https://images.hotukdeals.com/threads/raw/9rqEv/3956826_1/re/300x300/qt/60/3956826_1.jpg,Sony BRAVIA XR Full Array LED XR75X94JU 75inch 4K Ultra HD High Dynamic Range Google TV + 5 Year Warranty £1259 delivered @ Centres direct,https://www.hotukdeals.com/visit/thread/3956826,"£1,259"
